"file","timestamp","frc","currentSpeed","freeFlowSpeed","currentTravelTime","freeFlowTravelTime","confidence","roadClosure"
"traffic_20250420T100300Z_1.json",2025-04-20 10:03:00,"FRC3",25,32,1325,1035,1,FALSE
"traffic_20250420T100331Z_2.json",2025-04-20 10:03:31,"FRC1",38,46,391,323,1,FALSE
"traffic_20250420T100402Z_3.json",2025-04-20 10:04:02,"FRC3",25,25,55,55,1,FALSE
"traffic_20250420T100423Z_1.json",2025-04-20 10:04:23,"FRC3",24,32,1381,1035,1,FALSE
"traffic_20250420T100712Z_1.json",2025-04-20 10:07:12,"FRC3",23,31,1441,1069,1,FALSE
"traffic_20250420T100743Z_2.json",2025-04-20 10:07:43,"FRC1",40,47,371,316,1,FALSE
"traffic_20250420T100814Z_3.json",2025-04-20 10:08:14,"FRC3",25,25,55,55,1,FALSE
"traffic_20250420T100845Z_4.json",2025-04-20 10:08:45,"FRC1",65,65,455,455,1,FALSE
"traffic_20250420T100916Z_5.json",2025-04-20 10:09:16,"FRC3",23,32,1441,1035,1,FALSE
"traffic_20250420T100947Z_6.json",2025-04-20 10:09:47,"FRC1",40,46,371,323,1,FALSE
"traffic_20250420T101017Z_7.json",2025-04-20 10:10:17,"FRC3",25,25,55,55,1,FALSE
"traffic_20250420T101048Z_8.json",2025-04-20 10:10:48,"FRC1",65,65,455,455,1,FALSE
"traffic_20250420T101118Z_9.json",2025-04-20 10:11:18,"FRC3",25,32,1325,1035,1,FALSE
"traffic_20250420T103225Z_1.json",2025-04-20 10:32:25,"FRC3",27,36,194,145,1,FALSE
"traffic_20250420T103311Z_2.json",2025-04-20 10:33:11,"FRC1",27,27,46,46,1,FALSE
"traffic_20250420T103356Z_3.json",2025-04-20 10:33:56,"FRC5",30,34,1609,1420,1,FALSE
"traffic_20250420T103442Z_4.json",2025-04-20 10:34:42,"FRC4",33,33,1471,1471,1,FALSE
"traffic_20250420T103528Z_5.json",2025-04-20 10:35:28,"FRC4",36,36,1436,1436,1,FALSE
"traffic_20250420T104346Z_1.json",2025-04-20 10:43:46,"FRC3",25,36,209,145,1,FALSE
"traffic_20250420T104431Z_2.json",2025-04-20 10:44:31,"FRC1",27,27,46,46,1,FALSE
"traffic_20250420T104517Z_3.json",2025-04-20 10:45:17,"FRC5",30,35,1609,1379,1,FALSE
"traffic_20250420T104603Z_4.json",2025-04-20 10:46:03,"FRC4",33,33,1471,1471,1,FALSE
"traffic_20250420T104649Z_5.json",2025-04-20 10:46:49,"FRC4",36,36,1436,1436,1,FALSE
"traffic_20250420T104735Z_6.json",2025-04-20 10:47:35,"FRC4",36,36,1436,1436,1,FALSE
"traffic_20250420T104820Z_7.json",2025-04-20 10:48:20,"FRC4",32,37,1989,1720,1,FALSE
"traffic_20250420T104906Z_8.json",2025-04-20 10:49:06,"FRC4",32,38,1989,1675,1,FALSE
"traffic_20250420T104951Z_9.json",2025-04-20 10:49:51,"FRC4",32,38,1989,1675,1,FALSE
"traffic_20250420T105037Z_10.json",2025-04-20 10:50:37,"FRC4",28,32,1384,1211,0.969175,FALSE
"traffic_20250420T105122Z_11.json",2025-04-20 10:51:22,"FRC4",40,40,930,930,1,FALSE
"traffic_20250420T105208Z_12.json",2025-04-20 10:52:08,"FRC4",36,43,980,821,1,FALSE
"traffic_20250420T105254Z_13.json",2025-04-20 10:52:54,"FRC1",36,46,413,323,1,FALSE
"traffic_20250420T105339Z_14.json",2025-04-20 10:53:39,"FRC3",40,40,303,303,1,FALSE
"traffic_20250420T105425Z_15.json",2025-04-20 10:54:25,"FRC5",30,35,1609,1379,1,FALSE
"traffic_20250420T105510Z_16.json",2025-04-20 10:55:10,"FRC6",29,29,2307,2307,1,FALSE
"traffic_20250420T105556Z_17.json",2025-04-20 10:55:56,"FRC1",65,65,455,455,1,FALSE
"traffic_20250420T105646Z_18.json",2025-04-20 10:56:46,"FRC4",37,37,1020,1020,1,FALSE
"traffic_20250420T105732Z_19.json",2025-04-20 10:57:32,"FRC4",37,37,1020,1020,1,FALSE
"traffic_20250420T105817Z_20.json",2025-04-20 10:58:17,"FRC4",32,32,1031,1031,1,FALSE
"traffic_20250420T105903Z_21.json",2025-04-20 10:59:03,"FRC4",33,33,1488,1488,1,FALSE
"traffic_20250420T105949Z_22.json",2025-04-20 10:59:49,"FRC4",33,33,1488,1488,1,FALSE
"traffic_20250420T110034Z_23.json",2025-04-20 11:00:34,"FRC4",26,31,845,709,1,FALSE
"traffic_20250420T110120Z_24.json",2025-04-20 11:01:20,"FRC4",35,35,760,760,1,FALSE
"traffic_20250420T110206Z_25.json",2025-04-20 11:02:06,"FRC4",32,32,1211,1211,1,FALSE
"traffic_20250420T110251Z_26.json",2025-04-20 11:02:51,"FRC1",61,61,910,910,1,FALSE
"traffic_20250420T110337Z_27.json",2025-04-20 11:03:37,"FRC3",35,38,384,354,1,FALSE
"traffic_20250420T110423Z_28.json",2025-04-20 11:04:23,"FRC3",40,40,301,301,1,FALSE
"traffic_20250420T110508Z_29.json",2025-04-20 11:05:08,"FRC3",47,47,253,253,1,FALSE
"traffic_20250420T110554Z_30.json",2025-04-20 11:05:54,"FRC3",40,40,303,303,1,FALSE
"traffic_20250420T110639Z_31.json",2025-04-20 11:06:39,"FRC3",37,42,466,411,1,FALSE
"traffic_20250420T110725Z_32.json",2025-04-20 11:07:25,"FRC3",27,33,1240,1014,1,FALSE
"traffic_20250420T110811Z_33.json",2025-04-20 11:08:11,"FRC4",33,33,1471,1471,1,FALSE
"traffic_20250420T110856Z_34.json",2025-04-20 11:08:56,"FRC4",33,33,1471,1471,1,FALSE
"traffic_20250420T110942Z_35.json",2025-04-20 11:09:42,"FRC4",33,33,1471,1471,1,FALSE
"traffic_20250420T111028Z_36.json",2025-04-20 11:10:28,"FRC5",34,34,1420,1420,1,FALSE
"traffic_20250420T111113Z_37.json",2025-04-20 11:11:13,"FRC2",48,48,1652,1652,1,FALSE
"traffic_20250420T111159Z_38.json",2025-04-20 11:11:59,"FRC4",37,43,954,821,1,FALSE
"traffic_20250420T111245Z_39.json",2025-04-20 11:12:45,"FRC2",48,48,1652,1652,1,FALSE
"traffic_20250420T111330Z_40.json",2025-04-20 11:13:30,"FRC1",37,46,401,323,1,FALSE
"traffic_20250420T111416Z_41.json",2025-04-20 11:14:16,"FRC5",29,34,1664,1420,1,FALSE
"traffic_20250420T111502Z_42.json",2025-04-20 11:15:02,"FRC4",37,37,1720,1720,1,FALSE
"traffic_20250420T111547Z_43.json",2025-04-20 11:15:47,"FRC4",33,33,2115,2115,1,FALSE
"traffic_20250420T111633Z_44.json",2025-04-20 11:16:33,"FRC4",38,38,994,994,1,FALSE
"traffic_20250420T111719Z_45.json",2025-04-20 11:17:19,"FRC3",38,38,354,354,1,FALSE
"traffic_20250420T111804Z_46.json",2025-04-20 11:18:04,"FRC2",30,38,517,408,1,FALSE
"traffic_20250420T111850Z_47.json",2025-04-20 11:18:50,"FRC2",48,48,1652,1652,1,FALSE
"traffic_20250420T111935Z_48.json",2025-04-20 11:19:35,"FRC1",39,46,381,323,1,FALSE
"traffic_20250420T112021Z_49.json",2025-04-20 11:20:21,"FRC1",37,46,401,323,1,FALSE
"traffic_20250420T112107Z_50.json",2025-04-20 11:21:07,"FRC3",33,33,1014,1014,1,FALSE
"traffic_20250420T112152Z_51.json",2025-04-20 11:21:52,"FRC1",37,41,1888,1704,1,FALSE
"traffic_20250420T112238Z_52.json",2025-04-20 11:22:38,"FRC3",30,39,723,556,0.99958,FALSE
"traffic_20250420T112324Z_53.json",2025-04-20 11:23:24,"FRC4",34,34,748,748,1,FALSE
"traffic_20250420T112409Z_54.json",2025-04-20 11:24:09,"FRC3",34,39,1073,935,1,FALSE
"traffic_20250420T112455Z_55.json",2025-04-20 11:24:55,"FRC3",38,38,354,354,1,FALSE
"traffic_20250420T112540Z_56.json",2025-04-20 11:25:40,"FRC1",21,38,329,182,1,FALSE
"traffic_20250420T112626Z_57.json",2025-04-20 11:26:26,"FRC1",21,38,329,182,1,FALSE
"traffic_20250420T112712Z_58.json",2025-04-20 11:27:12,"FRC4",33,33,1471,1471,1,FALSE
"traffic_20250420T112757Z_59.json",2025-04-20 11:27:57,"FRC5",29,34,1664,1420,1,FALSE
"traffic_20250420T112843Z_60.json",2025-04-20 11:28:43,"FRC3",33,33,1014,1014,1,FALSE
"traffic_20250420T112929Z_61.json",2025-04-20 11:29:29,"FRC6",29,29,2307,2307,1,FALSE
"traffic_20250420T113014Z_62.json",2025-04-20 11:30:14,"FRC4",36,36,1436,1436,1,FALSE
"traffic_20250420T113101Z_63.json",2025-04-20 11:31:01,"FRC4",28,33,908,771,0.984775,FALSE
"traffic_20250420T113147Z_64.json",2025-04-20 11:31:47,"FRC4",27,32,1436,1211,0.956921,FALSE
"traffic_20250420T113233Z_65.json",2025-04-20 11:32:33,"FRC1",32,43,66,49,1,FALSE
"traffic_20250420T113318Z_66.json",2025-04-20 11:33:18,"FRC1",20,27,63,46,1,FALSE
"traffic_20250420T113404Z_67.json",2025-04-20 11:34:04,"FRC4",31,31,500,500,1,FALSE
"traffic_20250420T113450Z_68.json",2025-04-20 11:34:50,"FRC1",65,65,455,455,1,FALSE
"traffic_20250420T113535Z_69.json",2025-04-20 11:35:35,"FRC4",36,36,1436,1436,1,FALSE
"traffic_20250420T113621Z_70.json",2025-04-20 11:36:21,"FRC6",29,29,2307,2307,1,FALSE
"traffic_20250420T113707Z_71.json",2025-04-20 11:37:07,"FRC4",32,32,1031,1031,1,FALSE
"traffic_20250420T113753Z_72.json",2025-04-20 11:37:53,"FRC4",33,38,1929,1675,1,FALSE
"traffic_20250420T113838Z_73.json",2025-04-20 11:38:38,"FRC3",35,35,2051,2051,1,FALSE
"traffic_20250420T113924Z_74.json",2025-04-20 11:39:24,"FRC4",31,31,1250,1250,1,FALSE
"traffic_20250420T114010Z_75.json",2025-04-20 11:40:10,"FRC3",21,36,249,145,1,FALSE
"traffic_20250420T114055Z_76.json",2025-04-20 11:40:55,"FRC1",17,25,74,50,1,FALSE
"traffic_20250420T114141Z_77.json",2025-04-20 11:41:41,"FRC5",34,34,1420,1420,1,FALSE
"traffic_20250420T114227Z_78.json",2025-04-20 11:42:27,"FRC4",33,33,1471,1471,1,FALSE
"traffic_20250420T114313Z_79.json",2025-04-20 11:43:13,"FRC4",36,36,1436,1436,1,FALSE
"traffic_20250420T114358Z_80.json",2025-04-20 11:43:58,"FRC4",36,36,1436,1436,1,FALSE
"traffic_20250420T114444Z_81.json",2025-04-20 11:44:44,"FRC4",33,37,1929,1720,1,FALSE
"traffic_20250420T114530Z_82.json",2025-04-20 11:45:30,"FRC4",37,37,1720,1720,1,FALSE
"traffic_20250420T114615Z_83.json",2025-04-20 11:46:15,"FRC4",32,37,1989,1720,1,FALSE
"traffic_20250420T114701Z_84.json",2025-04-20 11:47:01,"FRC4",32,32,1211,1211,1,FALSE
"traffic_20250420T114747Z_85.json",2025-04-20 11:47:47,"FRC4",36,40,1034,930,1,FALSE
"traffic_20250420T114833Z_86.json",2025-04-20 11:48:33,"FRC4",44,44,802,802,1,FALSE
"traffic_20250420T114918Z_87.json",2025-04-20 11:49:18,"FRC1",38,46,391,323,1,FALSE
"traffic_20250420T115004Z_88.json",2025-04-20 11:50:04,"FRC3",37,41,328,296,1,FALSE
"traffic_20250420T115050Z_89.json",2025-04-20 11:50:50,"FRC5",34,34,1420,1420,1,FALSE
"traffic_20250420T115135Z_90.json",2025-04-20 11:51:35,"FRC6",29,29,2307,2307,1,FALSE
"traffic_20250420T115221Z_91.json",2025-04-20 11:52:21,"FRC1",65,65,455,455,1,FALSE
"traffic_20250420T115307Z_92.json",2025-04-20 11:53:07,"FRC4",37,37,1020,1020,1,FALSE
"traffic_20250420T115352Z_93.json",2025-04-20 11:53:52,"FRC4",37,37,1020,1020,1,FALSE
"traffic_20250420T115438Z_94.json",2025-04-20 11:54:38,"FRC4",32,32,1031,1031,1,FALSE
"traffic_20250420T115524Z_95.json",2025-04-20 11:55:24,"FRC4",33,33,1488,1488,1,FALSE
"traffic_20250420T115610Z_96.json",2025-04-20 11:56:10,"FRC4",33,33,1488,1488,1,FALSE
"traffic_20250420T115655Z_97.json",2025-04-20 11:56:55,"FRC4",32,32,687,687,1,FALSE
"traffic_20250420T115741Z_98.json",2025-04-20 11:57:41,"FRC4",35,35,760,760,1,FALSE
"traffic_20250420T115827Z_99.json",2025-04-20 11:58:27,"FRC4",27,32,1435,1211,0.966383,FALSE
"traffic_20250420T115912Z_100.json",2025-04-20 11:59:12,"FRC1",56,61,991,910,1,FALSE
"traffic_20250420T115958Z_101.json",2025-04-20 11:59:58,"FRC3",33,37,407,363,1,FALSE
"traffic_20250420T120043Z_102.json",2025-04-20 12:00:43,"FRC3",40,40,301,301,1,FALSE
"traffic_20250420T120129Z_103.json",2025-04-20 12:01:29,"FRC3",47,47,253,253,1,FALSE
"traffic_20250420T120215Z_104.json",2025-04-20 12:02:15,"FRC3",40,40,303,303,1,FALSE
"traffic_20250420T120300Z_105.json",2025-04-20 12:03:00,"FRC3",36,42,479,411,1,FALSE
"traffic_20250420T120346Z_106.json",2025-04-20 12:03:46,"FRC3",33,33,1014,1014,1,FALSE
"traffic_20250420T120432Z_107.json",2025-04-20 12:04:32,"FRC4",33,33,1471,1471,1,FALSE
"traffic_20250420T120517Z_108.json",2025-04-20 12:05:17,"FRC4",33,33,1471,1471,1,FALSE
"traffic_20250420T120603Z_109.json",2025-04-20 12:06:03,"FRC4",33,33,1471,1471,1,FALSE
"traffic_20250420T120649Z_110.json",2025-04-20 12:06:49,"FRC5",30,34,1609,1420,1,FALSE
"traffic_20250420T120734Z_111.json",2025-04-20 12:07:34,"FRC2",48,48,1652,1652,1,FALSE
"traffic_20250420T120820Z_112.json",2025-04-20 12:08:20,"FRC4",38,43,929,821,1,FALSE
"traffic_20250420T120906Z_113.json",2025-04-20 12:09:06,"FRC2",48,48,1652,1652,1,FALSE
"traffic_20250420T120951Z_114.json",2025-04-20 12:09:51,"FRC1",36,47,413,316,1,FALSE
"traffic_20250420T121037Z_115.json",2025-04-20 12:10:37,"FRC5",31,35,1557,1379,1,FALSE
"traffic_20250420T121123Z_116.json",2025-04-20 12:11:23,"FRC4",33,38,1929,1675,1,FALSE
"traffic_20250420T121209Z_117.json",2025-04-20 12:12:09,"FRC4",33,33,2115,2115,1,FALSE
"traffic_20250420T121254Z_118.json",2025-04-20 12:12:54,"FRC4",31,38,1219,994,0.968121,FALSE
"traffic_20250420T121340Z_119.json",2025-04-20 12:13:40,"FRC3",35,38,384,354,1,FALSE
"traffic_20250420T121426Z_120.json",2025-04-20 12:14:26,"FRC2",30,38,517,408,1,FALSE
"traffic_20250420T121511Z_121.json",2025-04-20 12:15:11,"FRC2",48,48,1652,1652,1,FALSE
"traffic_20250420T121557Z_122.json",2025-04-20 12:15:57,"FRC1",37,46,401,323,1,FALSE
"traffic_20250420T121643Z_123.json",2025-04-20 12:16:43,"FRC1",37,46,401,323,1,FALSE
"traffic_20250420T121730Z_124.json",2025-04-20 12:17:30,"FRC3",28,33,1195,1014,1,FALSE
"traffic_20250420T121820Z_125.json",2025-04-20 12:18:20,"FRC1",34,41,2055,1704,1,FALSE
"traffic_20250420T121906Z_126.json",2025-04-20 12:19:06,"FRC3",33,39,658,556,0.999584,FALSE
"traffic_20250420T121951Z_127.json",2025-04-20 12:19:51,"FRC4",30,34,848,748,0.984775,FALSE
"traffic_20250420T122037Z_128.json",2025-04-20 12:20:37,"FRC3",34,39,1073,935,1,FALSE
"traffic_20250420T122123Z_129.json",2025-04-20 12:21:23,"FRC3",35,38,384,354,1,FALSE
"traffic_20250420T122208Z_130.json",2025-04-20 12:22:08,"FRC1",38,38,182,182,1,FALSE
"traffic_20250420T122254Z_131.json",2025-04-20 12:22:54,"FRC1",38,38,182,182,1,FALSE
"traffic_20250420T122340Z_132.json",2025-04-20 12:23:40,"FRC4",28,33,1734,1471,1,FALSE
"traffic_20250420T122425Z_133.json",2025-04-20 12:24:25,"FRC5",29,35,1664,1379,1,FALSE
"traffic_20250420T122511Z_134.json",2025-04-20 12:25:11,"FRC3",29,33,1154,1014,1,FALSE
"traffic_20250420T122556Z_135.json",2025-04-20 12:25:56,"FRC6",29,29,2307,2307,1,FALSE
"traffic_20250420T122642Z_136.json",2025-04-20 12:26:42,"FRC4",36,36,1436,1436,1,FALSE
"traffic_20250420T122728Z_137.json",2025-04-20 12:27:28,"FRC4",28,33,908,771,0.983451,FALSE
"traffic_20250420T122813Z_138.json",2025-04-20 12:28:13,"FRC4",27,31,1436,1250,0.981958,FALSE
"traffic_20250420T122859Z_139.json",2025-04-20 12:28:59,"FRC1",44,44,48,48,1,FALSE
"traffic_20250420T122944Z_140.json",2025-04-20 12:29:44,"FRC1",27,27,46,46,1,FALSE
"traffic_20250420T123030Z_141.json",2025-04-20 12:30:30,"FRC4",31,31,500,500,1,FALSE
"traffic_20250420T123116Z_142.json",2025-04-20 12:31:16,"FRC1",65,65,455,455,1,FALSE
"traffic_20250420T123201Z_143.json",2025-04-20 12:32:01,"FRC4",36,36,1436,1436,1,FALSE
"traffic_20250420T123247Z_144.json",2025-04-20 12:32:47,"FRC6",29,29,2307,2307,1,FALSE
"traffic_20250420T123332Z_145.json",2025-04-20 12:33:32,"FRC4",32,32,1031,1031,1,FALSE
"traffic_20250420T123418Z_146.json",2025-04-20 12:34:18,"FRC4",37,37,1720,1720,1,FALSE
"traffic_20250420T123504Z_147.json",2025-04-20 12:35:04,"FRC3",35,35,2051,2051,1,FALSE
"traffic_20250420T123550Z_148.json",2025-04-20 12:35:50,"FRC4",31,31,1250,1250,1,FALSE
"traffic_20250420T123636Z_149.json",2025-04-20 12:36:36,"FRC3",21,36,249,145,1,FALSE
"traffic_20250420T123722Z_150.json",2025-04-20 12:37:22,"FRC1",27,27,46,46,1,FALSE
"traffic_20250420T123807Z_151.json",2025-04-20 12:38:07,"FRC5",34,34,1420,1420,1,FALSE
"traffic_20250420T123853Z_152.json",2025-04-20 12:38:53,"FRC4",33,33,1471,1471,1,FALSE
"traffic_20250420T123939Z_153.json",2025-04-20 12:39:39,"FRC4",32,36,1615,1436,1,FALSE
"traffic_20250420T124024Z_154.json",2025-04-20 12:40:24,"FRC4",32,36,1615,1436,1,FALSE
"traffic_20250420T124110Z_155.json",2025-04-20 12:41:10,"FRC4",33,38,1929,1675,1,FALSE
"traffic_20250420T124156Z_156.json",2025-04-20 12:41:56,"FRC4",33,38,1929,1675,1,FALSE
"traffic_20250420T124241Z_157.json",2025-04-20 12:42:41,"FRC4",33,38,1929,1675,1,FALSE
"traffic_20250420T124327Z_158.json",2025-04-20 12:43:27,"FRC4",32,32,1211,1211,1,FALSE
"traffic_20250420T124413Z_159.json",2025-04-20 12:44:13,"FRC4",34,40,1094,930,1,FALSE
"traffic_20250420T124458Z_160.json",2025-04-20 12:44:58,"FRC4",44,44,802,802,1,FALSE
"traffic_20250420T124544Z_161.json",2025-04-20 12:45:44,"FRC1",35,46,424,323,1,FALSE
"traffic_20250420T124630Z_162.json",2025-04-20 12:46:30,"FRC3",37,41,328,296,1,FALSE
"traffic_20250420T124715Z_163.json",2025-04-20 12:47:15,"FRC5",29,34,1664,1420,1,FALSE
"traffic_20250420T124801Z_164.json",2025-04-20 12:48:01,"FRC6",29,29,2307,2307,1,FALSE
"traffic_20250420T124847Z_165.json",2025-04-20 12:48:47,"FRC1",65,65,455,455,1,FALSE
"traffic_20250420T124932Z_166.json",2025-04-20 12:49:32,"FRC4",37,37,1020,1020,1,FALSE
"traffic_20250420T125018Z_167.json",2025-04-20 12:50:18,"FRC4",37,37,1020,1020,1,FALSE
"traffic_20250420T125104Z_168.json",2025-04-20 12:51:04,"FRC4",32,32,1031,1031,1,FALSE
"traffic_20250420T125149Z_169.json",2025-04-20 12:51:49,"FRC4",33,33,1488,1488,1,FALSE
"traffic_20250420T125235Z_170.json",2025-04-20 12:52:35,"FRC4",33,33,1488,1488,1,FALSE
"traffic_20250420T125321Z_171.json",2025-04-20 12:53:21,"FRC4",32,32,687,687,1,FALSE
"traffic_20250420T125406Z_172.json",2025-04-20 12:54:06,"FRC4",31,35,858,760,1,FALSE
"traffic_20250420T125452Z_173.json",2025-04-20 12:54:52,"FRC4",32,32,1211,1211,1,FALSE
"traffic_20250420T125538Z_174.json",2025-04-20 12:55:38,"FRC1",50,61,1110,910,1,FALSE
"traffic_20250420T125623Z_175.json",2025-04-20 12:56:23,"FRC3",32,37,420,363,0.99916,FALSE
"traffic_20250420T125709Z_176.json",2025-04-20 12:57:09,"FRC3",40,40,301,301,1,FALSE
"traffic_20250420T125755Z_177.json",2025-04-20 12:57:55,"FRC3",47,47,253,253,1,FALSE
"traffic_20250420T125840Z_178.json",2025-04-20 12:58:40,"FRC3",34,40,357,303,1,FALSE
"traffic_20250420T125926Z_179.json",2025-04-20 12:59:26,"FRC3",41,41,421,421,1,FALSE
"traffic_20250420T130011Z_180.json",2025-04-20 13:00:11,"FRC3",33,33,1014,1014,1,FALSE
"traffic_20250420T130057Z_181.json",2025-04-20 13:00:57,"FRC4",33,33,1471,1471,1,FALSE
"traffic_20250420T130143Z_182.json",2025-04-20 13:01:43,"FRC4",29,33,1674,1471,1,FALSE
"traffic_20250420T130228Z_183.json",2025-04-20 13:02:28,"FRC4",33,33,1471,1471,1,FALSE
"traffic_20250420T130314Z_184.json",2025-04-20 13:03:14,"FRC5",34,34,1420,1420,1,FALSE
"traffic_20250420T130400Z_185.json",2025-04-20 13:04:00,"FRC2",48,48,1652,1652,1,FALSE
"traffic_20250420T130446Z_186.json",2025-04-20 13:04:46,"FRC4",44,44,802,802,1,FALSE
"traffic_20250420T130531Z_187.json",2025-04-20 13:05:31,"FRC2",48,48,1652,1652,1,FALSE
"traffic_20250420T130617Z_188.json",2025-04-20 13:06:17,"FRC1",35,47,424,316,1,FALSE
"traffic_20250420T130703Z_189.json",2025-04-20 13:07:03,"FRC5",30,34,1609,1420,1,FALSE
"traffic_20250420T130748Z_190.json",2025-04-20 13:07:48,"FRC4",33,38,1929,1675,1,FALSE
"traffic_20250420T130834Z_191.json",2025-04-20 13:08:34,"FRC4",27,33,2585,2115,0.97042,FALSE
"traffic_20250420T130920Z_192.json",2025-04-20 13:09:20,"FRC4",38,38,994,994,1,FALSE
"traffic_20250420T131005Z_193.json",2025-04-20 13:10:05,"FRC3",34,38,395,354,0.999409,FALSE
"traffic_20250420T131051Z_194.json",2025-04-20 13:10:51,"FRC2",29,37,534,419,1,FALSE
"traffic_20250420T131137Z_195.json",2025-04-20 13:11:37,"FRC2",48,48,1652,1652,1,FALSE
"traffic_20250420T131222Z_196.json",2025-04-20 13:12:22,"FRC1",36,46,413,323,1,FALSE
"traffic_20250420T131308Z_197.json",2025-04-20 13:13:08,"FRC1",36,47,413,316,1,FALSE
"traffic_20250420T131354Z_198.json",2025-04-20 13:13:54,"FRC3",33,33,1014,1014,1,FALSE
"traffic_20250420T131439Z_199.json",2025-04-20 13:14:39,"FRC1",35,41,1996,1704,1,FALSE
"traffic_20250420T131525Z_200.json",2025-04-20 13:15:25,"FRC3",34,40,638,542,0.999582,FALSE
"traffic_20250420T131610Z_201.json",2025-04-20 13:16:10,"FRC4",34,34,748,748,1,FALSE
"traffic_20250420T131656Z_202.json",2025-04-20 13:16:56,"FRC3",33,39,1106,935,1,FALSE
"traffic_20250420T131742Z_203.json",2025-04-20 13:17:42,"FRC3",33,37,407,363,0.999409,FALSE
"traffic_20250420T131828Z_204.json",2025-04-20 13:18:28,"FRC1",27,38,256,182,1,FALSE
"traffic_20250420T131913Z_205.json",2025-04-20 13:19:13,"FRC1",26,38,266,182,1,FALSE
"traffic_20250420T131959Z_206.json",2025-04-20 13:19:59,"FRC4",29,33,1674,1471,1,FALSE
"traffic_20250420T132044Z_207.json",2025-04-20 13:20:44,"FRC5",34,34,1420,1420,1,FALSE
"traffic_20250420T132130Z_208.json",2025-04-20 13:21:30,"FRC3",28,33,1195,1014,1,FALSE
"traffic_20250420T132216Z_209.json",2025-04-20 13:22:16,"FRC6",29,29,2307,2307,1,FALSE
"traffic_20250420T132301Z_210.json",2025-04-20 13:23:01,"FRC4",31,36,1667,1436,1,FALSE
"traffic_20250420T132347Z_211.json",2025-04-20 13:23:47,"FRC4",34,34,748,748,1,FALSE
"traffic_20250420T132433Z_212.json",2025-04-20 13:24:33,"FRC4",26,32,1491,1211,0.989788,FALSE
"traffic_20250420T132518Z_213.json",2025-04-20 13:25:18,"FRC1",44,44,48,48,1,FALSE
"traffic_20250420T132604Z_214.json",2025-04-20 13:26:04,"FRC1",27,27,46,46,1,FALSE
"traffic_20250420T132650Z_215.json",2025-04-20 13:26:50,"FRC4",31,31,500,500,1,FALSE
"traffic_20250420T132735Z_216.json",2025-04-20 13:27:35,"FRC1",65,65,455,455,1,FALSE
"traffic_20250420T132821Z_217.json",2025-04-20 13:28:21,"FRC4",32,36,1615,1436,1,FALSE
"traffic_20250420T132907Z_218.json",2025-04-20 13:29:07,"FRC6",29,29,2307,2307,1,FALSE
"traffic_20250420T132952Z_219.json",2025-04-20 13:29:52,"FRC4",32,32,1031,1031,1,FALSE
"traffic_20250420T133038Z_220.json",2025-04-20 13:30:38,"FRC4",32,38,1989,1675,1,FALSE
"traffic_20250420T133124Z_221.json",2025-04-20 13:31:24,"FRC3",35,35,2051,2051,1,FALSE
"traffic_20250420T133211Z_222.json",2025-04-20 13:32:11,"FRC4",26,32,1491,1211,0.988872,FALSE
"traffic_20250420T133257Z_223.json",2025-04-20 13:32:57,"FRC3",29,36,180,145,1,FALSE
"traffic_20250420T133342Z_224.json",2025-04-20 13:33:42,"FRC1",27,27,46,46,1,FALSE
"traffic_20250420T133428Z_225.json",2025-04-20 13:34:28,"FRC5",29,34,1664,1420,1,FALSE
"traffic_20250420T133514Z_226.json",2025-04-20 13:35:14,"FRC4",28,33,1734,1471,1,FALSE
"traffic_20250420T133559Z_227.json",2025-04-20 13:35:59,"FRC4",32,36,1615,1436,1,FALSE
"traffic_20250420T133645Z_228.json",2025-04-20 13:36:45,"FRC4",31,36,1667,1436,1,FALSE
"traffic_20250420T133738Z_229.json",2025-04-20 13:37:38,"FRC4",31,37,2054,1720,1,FALSE
"traffic_20250420T133824Z_230.json",2025-04-20 13:38:24,"FRC4",31,37,2054,1720,1,FALSE
"traffic_20250420T133910Z_231.json",2025-04-20 13:39:10,"FRC4",31,38,2054,1675,1,FALSE
"traffic_20250420T133955Z_232.json",2025-04-20 13:39:55,"FRC4",27,32,1435,1211,0.958728,FALSE
"traffic_20250420T134041Z_233.json",2025-04-20 13:40:41,"FRC4",40,40,930,930,1,FALSE
"traffic_20250420T134129Z_234.json",2025-04-20 13:41:29,"FRC4",44,44,802,802,1,FALSE
"traffic_20250420T134215Z_235.json",2025-04-20 13:42:15,"FRC1",37,47,401,316,1,FALSE
"traffic_20250420T134305Z_236.json",2025-04-20 13:43:05,"FRC3",35,39,347,311,1,FALSE
"traffic_20250420T134354Z_237.json",2025-04-20 13:43:54,"FRC5",34,34,1420,1420,1,FALSE
"traffic_20250420T134442Z_238.json",2025-04-20 13:44:42,"FRC6",29,29,2307,2307,1,FALSE
"traffic_20250420T134529Z_239.json",2025-04-20 13:45:29,"FRC1",65,65,455,455,1,FALSE
"traffic_20250420T134614Z_240.json",2025-04-20 13:46:14,"FRC4",37,37,1020,1020,1,FALSE
"traffic_20250420T134700Z_241.json",2025-04-20 13:47:00,"FRC4",37,37,1020,1020,1,FALSE
"traffic_20250420T134746Z_242.json",2025-04-20 13:47:46,"FRC4",32,32,1031,1031,1,FALSE
"traffic_20250420T134831Z_243.json",2025-04-20 13:48:31,"FRC4",28,33,1753,1488,1,FALSE
"traffic_20250420T134917Z_244.json",2025-04-20 13:49:17,"FRC4",29,33,1693,1488,1,FALSE
"traffic_20250420T135003Z_245.json",2025-04-20 13:50:03,"FRC4",28,31,785,709,1,FALSE
"traffic_20250420T135049Z_246.json",2025-04-20 13:50:49,"FRC4",35,35,760,760,1,FALSE
"traffic_20250420T135135Z_247.json",2025-04-20 13:51:35,"FRC4",32,32,1211,1211,1,FALSE
"traffic_20250420T135220Z_248.json",2025-04-20 13:52:20,"FRC1",55,62,1009,895,1,FALSE
"traffic_20250420T135307Z_249.json",2025-04-20 13:53:07,"FRC3",33,38,407,354,1,FALSE
"traffic_20250420T135352Z_250.json",2025-04-20 13:53:52,"FRC3",40,40,301,301,1,FALSE
"traffic_20250420T135438Z_251.json",2025-04-20 13:54:38,"FRC3",47,47,253,253,1,FALSE
"traffic_20250420T135524Z_252.json",2025-04-20 13:55:24,"FRC3",32,40,379,303,1,FALSE
"traffic_20250420T135609Z_253.json",2025-04-20 13:56:09,"FRC3",41,41,421,421,1,FALSE
"traffic_20250420T135655Z_254.json",2025-04-20 13:56:55,"FRC3",27,34,1240,984,1,FALSE
"traffic_20250420T135744Z_255.json",2025-04-20 13:57:44,"FRC4",33,33,1471,1471,1,FALSE
"traffic_20250420T135829Z_256.json",2025-04-20 13:58:29,"FRC4",33,33,1471,1471,1,FALSE
"traffic_20250420T135915Z_257.json",2025-04-20 13:59:15,"FRC4",33,33,1471,1471,1,FALSE
"traffic_20250420T140001Z_258.json",2025-04-20 14:00:01,"FRC5",34,34,1420,1420,1,FALSE
"traffic_20250420T140047Z_259.json",2025-04-20 14:00:47,"FRC2",44,48,1802,1652,1,FALSE
"traffic_20250420T140132Z_260.json",2025-04-20 14:01:32,"FRC4",44,44,802,802,1,FALSE
"traffic_20250420T140218Z_261.json",2025-04-20 14:02:18,"FRC2",45,48,1762,1652,1,FALSE
"traffic_20250420T140304Z_262.json",2025-04-20 14:03:04,"FRC1",40,47,371,316,1,FALSE
"traffic_20250420T140349Z_263.json",2025-04-20 14:03:49,"FRC5",34,34,1420,1420,1,FALSE
"traffic_20250420T140435Z_264.json",2025-04-20 14:04:35,"FRC4",33,38,1929,1675,1,FALSE
"traffic_20250420T140520Z_265.json",2025-04-20 14:05:20,"FRC4",27,32,2585,2181,0.966875,FALSE
"traffic_20250420T140606Z_266.json",2025-04-20 14:06:06,"FRC4",38,38,994,994,1,FALSE
"traffic_20250420T140652Z_267.json",2025-04-20 14:06:52,"FRC3",33,38,407,354,1,FALSE
"traffic_20250420T140737Z_268.json",2025-04-20 14:07:37,"FRC2",30,38,517,408,1,FALSE
"traffic_20250420T140823Z_269.json",2025-04-20 14:08:23,"FRC2",48,48,1652,1652,1,FALSE
"traffic_20250420T140908Z_270.json",2025-04-20 14:09:08,"FRC1",47,47,316,316,1,FALSE
"traffic_20250420T140954Z_271.json",2025-04-20 14:09:54,"FRC1",47,47,316,316,1,FALSE
"traffic_20250420T141040Z_272.json",2025-04-20 14:10:40,"FRC3",28,33,1195,1014,1,FALSE
"traffic_20250420T141125Z_273.json",2025-04-20 14:11:25,"FRC1",33,41,2117,1704,1,FALSE
"traffic_20250420T141211Z_274.json",2025-04-20 14:12:11,"FRC3",39,39,556,556,1,FALSE
"traffic_20250420T141257Z_275.json",2025-04-20 14:12:57,"FRC4",29,33,877,771,0.986099,FALSE
"traffic_20250420T141342Z_276.json",2025-04-20 14:13:42,"FRC3",33,39,1106,935,1,FALSE
"traffic_20250420T141428Z_277.json",2025-04-20 14:14:28,"FRC3",32,38,420,354,1,FALSE
"traffic_20250420T141513Z_278.json",2025-04-20 14:15:13,"FRC1",38,38,182,182,1,FALSE
"traffic_20250420T141559Z_279.json",2025-04-20 14:15:59,"FRC1",38,38,182,182,1,FALSE
"traffic_20250420T141645Z_280.json",2025-04-20 14:16:45,"FRC4",33,33,1471,1471,1,FALSE
"traffic_20250420T141730Z_281.json",2025-04-20 14:17:30,"FRC5",30,34,1609,1420,1,FALSE
"traffic_20250420T141816Z_282.json",2025-04-20 14:18:16,"FRC3",29,33,1154,1014,1,FALSE
"traffic_20250420T141902Z_283.json",2025-04-20 14:19:02,"FRC6",29,29,2307,2307,1,FALSE
"traffic_20250420T141947Z_284.json",2025-04-20 14:19:47,"FRC4",36,36,1436,1436,1,FALSE
"traffic_20250420T142033Z_285.json",2025-04-20 14:20:33,"FRC4",29,33,877,771,0.98643,FALSE
"traffic_20250420T142119Z_286.json",2025-04-20 14:21:19,"FRC4",26,31,1491,1250,0.932956,FALSE
"traffic_20250420T142204Z_287.json",2025-04-20 14:22:04,"FRC1",44,44,48,48,1,FALSE
"traffic_20250420T142250Z_288.json",2025-04-20 14:22:50,"FRC1",27,27,46,46,1,FALSE
"traffic_20250420T142336Z_289.json",2025-04-20 14:23:36,"FRC4",25,31,620,500,1,FALSE
"traffic_20250420T142421Z_290.json",2025-04-20 14:24:21,"FRC1",65,65,455,455,1,FALSE
"traffic_20250420T142507Z_291.json",2025-04-20 14:25:07,"FRC4",36,36,1436,1436,1,FALSE
"traffic_20250420T142553Z_292.json",2025-04-20 14:25:53,"FRC6",29,29,2307,2307,1,FALSE
"traffic_20250420T142638Z_293.json",2025-04-20 14:26:38,"FRC4",32,32,1031,1031,1,FALSE
"traffic_20250420T142724Z_294.json",2025-04-20 14:27:24,"FRC4",31,38,2054,1675,1,FALSE
"traffic_20250420T142810Z_295.json",2025-04-20 14:28:10,"FRC3",35,35,2051,2051,1,FALSE
"traffic_20250420T142855Z_296.json",2025-04-20 14:28:55,"FRC4",31,31,1250,1250,1,FALSE
"traffic_20250420T142941Z_297.json",2025-04-20 14:29:41,"FRC3",26,36,201,145,1,FALSE
"traffic_20250420T143027Z_298.json",2025-04-20 14:30:27,"FRC1",12,27,105,46,1,FALSE
"traffic_20250420T143112Z_299.json",2025-04-20 14:31:12,"FRC5",34,34,1420,1420,1,FALSE
"traffic_20250420T143158Z_300.json",2025-04-20 14:31:58,"FRC4",33,33,1471,1471,1,FALSE
"traffic_20250420T143244Z_301.json",2025-04-20 14:32:44,"FRC4",36,36,1436,1436,1,FALSE
"traffic_20250420T143329Z_302.json",2025-04-20 14:33:29,"FRC4",36,36,1436,1436,1,FALSE
"traffic_20250420T143415Z_303.json",2025-04-20 14:34:15,"FRC4",31,37,2054,1720,1,FALSE
"traffic_20250420T143501Z_304.json",2025-04-20 14:35:01,"FRC4",30,38,2122,1675,1,FALSE
"traffic_20250420T143547Z_305.json",2025-04-20 14:35:47,"FRC4",31,37,2054,1720,1,FALSE
"traffic_20250420T143632Z_306.json",2025-04-20 14:36:32,"FRC4",32,32,1211,1211,1,FALSE
"traffic_20250420T143718Z_307.json",2025-04-20 14:37:18,"FRC4",40,40,930,930,1,FALSE
"traffic_20250420T143804Z_308.json",2025-04-20 14:38:04,"FRC4",44,44,802,802,1,FALSE
"traffic_20250420T143849Z_309.json",2025-04-20 14:38:49,"FRC1",47,47,316,316,1,FALSE
"traffic_20250420T143935Z_310.json",2025-04-20 14:39:35,"FRC3",40,40,303,303,1,FALSE
"traffic_20250420T144020Z_311.json",2025-04-20 14:40:20,"FRC5",34,34,1420,1420,1,FALSE
"traffic_20250420T144106Z_312.json",2025-04-20 14:41:06,"FRC6",29,29,2307,2307,1,FALSE
"traffic_20250420T144152Z_313.json",2025-04-20 14:41:52,"FRC1",65,65,455,455,1,FALSE
"traffic_20250420T144238Z_314.json",2025-04-20 14:42:38,"FRC4",37,37,1020,1020,1,FALSE
"traffic_20250420T144323Z_315.json",2025-04-20 14:43:23,"FRC4",37,37,1020,1020,1,FALSE
"traffic_20250420T144409Z_316.json",2025-04-20 14:44:09,"FRC4",29,33,1137,1000,1,FALSE
"traffic_20250420T144455Z_317.json",2025-04-20 14:44:55,"FRC4",33,33,1488,1488,1,FALSE
"traffic_20250420T144540Z_318.json",2025-04-20 14:45:40,"FRC4",33,33,1488,1488,1,FALSE
"traffic_20250420T144626Z_319.json",2025-04-20 14:46:26,"FRC4",32,32,687,687,1,FALSE
"traffic_20250420T144712Z_320.json",2025-04-20 14:47:12,"FRC4",31,35,858,760,1,FALSE
"traffic_20250420T144757Z_321.json",2025-04-20 14:47:57,"FRC4",28,32,1384,1211,0.950367,FALSE
"traffic_20250420T144843Z_322.json",2025-04-20 14:48:43,"FRC1",61,61,910,910,1,FALSE
"traffic_20250420T144929Z_323.json",2025-04-20 14:49:29,"FRC3",34,37,395,363,1,FALSE
"traffic_20250420T145014Z_324.json",2025-04-20 14:50:14,"FRC3",40,40,301,301,1,FALSE
"traffic_20250420T145101Z_325.json",2025-04-20 14:51:01,"FRC3",47,47,253,253,1,FALSE
"traffic_20250420T145147Z_326.json",2025-04-20 14:51:47,"FRC3",40,40,303,303,1,FALSE
"traffic_20250420T145232Z_327.json",2025-04-20 14:52:32,"FRC3",41,41,421,421,1,FALSE
"traffic_20250420T145318Z_328.json",2025-04-20 14:53:18,"FRC3",33,33,1014,1014,1,FALSE
"traffic_20250420T145404Z_329.json",2025-04-20 14:54:04,"FRC4",33,33,1471,1471,1,FALSE
"traffic_20250420T145449Z_330.json",2025-04-20 14:54:49,"FRC4",33,33,1471,1471,1,FALSE
"traffic_20250420T145535Z_331.json",2025-04-20 14:55:35,"FRC4",33,33,1471,1471,1,FALSE
"traffic_20250420T145621Z_332.json",2025-04-20 14:56:21,"FRC5",34,34,1420,1420,1,FALSE
"traffic_20250420T145706Z_333.json",2025-04-20 14:57:06,"FRC2",48,48,1652,1652,1,FALSE
"traffic_20250420T145752Z_334.json",2025-04-20 14:57:52,"FRC4",44,44,802,802,1,FALSE
"traffic_20250420T145838Z_335.json",2025-04-20 14:58:38,"FRC2",48,48,1652,1652,1,FALSE
"traffic_20250420T145923Z_336.json",2025-04-20 14:59:23,"FRC1",47,47,316,316,1,FALSE
"traffic_20250420T150009Z_337.json",2025-04-20 15:00:09,"FRC5",34,34,1420,1420,1,FALSE
"traffic_20250420T150055Z_338.json",2025-04-20 15:00:55,"FRC4",33,38,1929,1675,1,FALSE
"traffic_20250420T150141Z_339.json",2025-04-20 15:01:41,"FRC4",33,33,2115,2115,1,FALSE
"traffic_20250420T150226Z_340.json",2025-04-20 15:02:26,"FRC4",38,38,994,994,1,FALSE
"traffic_20250420T150312Z_341.json",2025-04-20 15:03:12,"FRC3",33,38,407,354,1,FALSE
"traffic_20250420T150358Z_342.json",2025-04-20 15:03:58,"FRC2",29,37,534,419,1,FALSE
"traffic_20250420T150443Z_343.json",2025-04-20 15:04:43,"FRC2",48,48,1652,1652,1,FALSE
"traffic_20250420T150529Z_344.json",2025-04-20 15:05:29,"FRC1",47,47,316,316,1,FALSE
"traffic_20250420T150615Z_345.json",2025-04-20 15:06:15,"FRC1",47,47,316,316,1,FALSE
"traffic_20250420T150701Z_346.json",2025-04-20 15:07:01,"FRC3",28,33,1195,1014,1,FALSE
"traffic_20250420T150747Z_347.json",2025-04-20 15:07:47,"FRC1",34,41,2055,1704,1,FALSE
"traffic_20250420T150833Z_348.json",2025-04-20 15:08:33,"FRC3",39,39,556,556,1,FALSE
"traffic_20250420T150918Z_349.json",2025-04-20 15:09:18,"FRC4",34,34,748,748,1,FALSE
"traffic_20250420T151004Z_350.json",2025-04-20 15:10:04,"FRC3",39,39,935,935,1,FALSE
"traffic_20250420T151050Z_351.json",2025-04-20 15:10:50,"FRC3",38,38,354,354,1,FALSE
"traffic_20250420T151135Z_352.json",2025-04-20 15:11:35,"FRC1",33,38,209,182,1,FALSE
"traffic_20250420T151221Z_353.json",2025-04-20 15:12:21,"FRC1",33,38,209,182,1,FALSE
"traffic_20250420T151307Z_354.json",2025-04-20 15:13:07,"FRC4",33,33,1471,1471,1,FALSE
"traffic_20250420T151353Z_355.json",2025-04-20 15:13:53,"FRC5",34,34,1420,1420,1,FALSE
"traffic_20250420T151438Z_356.json",2025-04-20 15:14:38,"FRC3",28,33,1195,1014,1,FALSE
"traffic_20250420T151524Z_357.json",2025-04-20 15:15:24,"FRC6",29,29,2307,2307,1,FALSE
"traffic_20250420T151610Z_358.json",2025-04-20 15:16:10,"FRC4",36,36,1436,1436,1,FALSE
"traffic_20250420T151655Z_359.json",2025-04-20 15:16:55,"FRC4",34,34,748,748,1,FALSE
"traffic_20250420T151741Z_360.json",2025-04-20 15:17:41,"FRC4",31,31,1250,1250,1,FALSE
"traffic_20250420T151826Z_361.json",2025-04-20 15:18:26,"FRC1",44,44,48,48,1,FALSE
"traffic_20250420T151912Z_362.json",2025-04-20 15:19:12,"FRC1",27,27,46,46,1,FALSE
"traffic_20250420T151958Z_363.json",2025-04-20 15:19:58,"FRC4",25,30,620,517,1,FALSE
"traffic_20250420T152044Z_364.json",2025-04-20 15:20:44,"FRC1",65,65,455,455,1,FALSE
"traffic_20250420T152129Z_365.json",2025-04-20 15:21:29,"FRC4",36,36,1436,1436,1,FALSE
"traffic_20250420T152215Z_366.json",2025-04-20 15:22:15,"FRC6",29,29,2307,2307,1,FALSE
"traffic_20250420T152300Z_367.json",2025-04-20 15:23:00,"FRC4",32,32,1031,1031,1,FALSE
"traffic_20250420T152346Z_368.json",2025-04-20 15:23:46,"FRC4",33,38,1929,1675,1,FALSE
"traffic_20250420T152432Z_369.json",2025-04-20 15:24:32,"FRC3",35,35,2051,2051,1,FALSE
"traffic_20250420T152518Z_370.json",2025-04-20 15:25:18,"FRC4",31,31,1250,1250,1,FALSE
"traffic_20250420T152603Z_371.json",2025-04-20 15:26:03,"FRC3",27,36,194,145,1,FALSE
"traffic_20250420T152649Z_372.json",2025-04-20 15:26:49,"FRC1",19,27,66,46,1,FALSE
"traffic_20250420T152736Z_373.json",2025-04-20 15:27:36,"FRC5",34,34,1420,1420,1,FALSE
"traffic_20250420T152822Z_374.json",2025-04-20 15:28:22,"FRC4",33,33,1471,1471,1,FALSE
"traffic_20250420T152908Z_375.json",2025-04-20 15:29:08,"FRC4",36,36,1436,1436,1,FALSE
"traffic_20250420T152953Z_376.json",2025-04-20 15:29:53,"FRC4",36,36,1436,1436,1,FALSE
"traffic_20250420T153039Z_377.json",2025-04-20 15:30:39,"FRC4",32,38,1989,1675,1,FALSE
"traffic_20250420T153125Z_378.json",2025-04-20 15:31:25,"FRC4",33,38,1929,1675,1,FALSE
"traffic_20250420T153210Z_379.json",2025-04-20 15:32:10,"FRC4",33,37,1929,1720,1,FALSE
"traffic_20250420T153256Z_380.json",2025-04-20 15:32:56,"FRC4",32,32,1211,1211,1,FALSE
"traffic_20250420T153342Z_381.json",2025-04-20 15:33:42,"FRC4",40,40,930,930,1,FALSE
"traffic_20250420T153428Z_382.json",2025-04-20 15:34:28,"FRC4",44,44,802,802,1,FALSE
"traffic_20250420T153514Z_383.json",2025-04-20 15:35:14,"FRC1",47,47,316,316,1,FALSE
"traffic_20250420T153600Z_384.json",2025-04-20 15:36:00,"FRC3",40,40,303,303,1,FALSE
"traffic_20250420T153646Z_385.json",2025-04-20 15:36:46,"FRC5",34,34,1420,1420,1,FALSE
"traffic_20250420T153732Z_386.json",2025-04-20 15:37:32,"FRC6",29,29,2307,2307,1,FALSE
"traffic_20250420T153818Z_387.json",2025-04-20 15:38:18,"FRC1",65,65,455,455,1,FALSE
"traffic_20250420T153904Z_388.json",2025-04-20 15:39:04,"FRC4",37,37,1020,1020,1,FALSE
"traffic_20250420T153949Z_389.json",2025-04-20 15:39:49,"FRC4",37,37,1020,1020,1,FALSE
"traffic_20250420T154035Z_390.json",2025-04-20 15:40:35,"FRC4",32,32,1031,1031,1,FALSE
"traffic_20250420T154120Z_391.json",2025-04-20 15:41:20,"FRC4",33,33,1488,1488,1,FALSE
"traffic_20250420T154206Z_392.json",2025-04-20 15:42:06,"FRC4",29,34,1693,1444,1,FALSE
"traffic_20250420T154252Z_393.json",2025-04-20 15:42:52,"FRC4",32,32,687,687,1,FALSE
"traffic_20250420T154337Z_394.json",2025-04-20 15:43:37,"FRC4",35,35,760,760,1,FALSE
"traffic_20250420T154423Z_395.json",2025-04-20 15:44:23,"FRC4",32,32,1211,1211,1,FALSE
"traffic_20250420T154509Z_396.json",2025-04-20 15:45:09,"FRC1",61,61,910,910,1,FALSE
"traffic_20250420T154554Z_397.json",2025-04-20 15:45:54,"FRC3",38,38,354,354,1,FALSE
"traffic_20250420T154640Z_398.json",2025-04-20 15:46:40,"FRC3",40,40,301,301,1,FALSE
"traffic_20250420T154726Z_399.json",2025-04-20 15:47:26,"FRC3",47,47,253,253,1,FALSE
"traffic_20250420T154811Z_400.json",2025-04-20 15:48:11,"FRC3",33,39,368,311,1,FALSE
"traffic_20250420T154858Z_401.json",2025-04-20 15:48:58,"FRC3",41,41,421,421,1,FALSE
"traffic_20250420T154943Z_402.json",2025-04-20 15:49:43,"FRC3",33,33,1014,1014,1,FALSE
"traffic_20250420T155029Z_403.json",2025-04-20 15:50:29,"FRC4",33,33,1471,1471,1,FALSE
"traffic_20250420T155115Z_404.json",2025-04-20 15:51:15,"FRC4",33,33,1471,1471,1,FALSE
"traffic_20250420T155201Z_405.json",2025-04-20 15:52:01,"FRC4",33,33,1471,1471,1,FALSE
"traffic_20250420T155246Z_406.json",2025-04-20 15:52:46,"FRC5",34,34,1420,1420,1,FALSE
"traffic_20250420T155332Z_407.json",2025-04-20 15:53:32,"FRC2",48,48,1652,1652,1,FALSE
"traffic_20250420T155418Z_408.json",2025-04-20 15:54:18,"FRC4",44,44,802,802,1,FALSE
"traffic_20250420T155503Z_409.json",2025-04-20 15:55:03,"FRC2",48,48,1652,1652,1,FALSE
"traffic_20250420T155549Z_410.json",2025-04-20 15:55:49,"FRC1",47,47,316,316,1,FALSE
"traffic_20250420T155635Z_411.json",2025-04-20 15:56:35,"FRC5",34,34,1420,1420,1,FALSE
"traffic_20250420T155721Z_412.json",2025-04-20 15:57:21,"FRC4",37,37,1720,1720,1,FALSE
"traffic_20250420T155809Z_413.json",2025-04-20 15:58:09,"FRC4",28,33,2493,2115,0.979129,FALSE
"traffic_20250420T155856Z_414.json",2025-04-20 15:58:56,"FRC4",38,38,994,994,1,FALSE
"traffic_20250420T155942Z_415.json",2025-04-20 15:59:42,"FRC3",33,38,407,354,1,FALSE
"traffic_20250420T160028Z_416.json",2025-04-20 16:00:28,"FRC2",26,37,596,419,1,FALSE
"traffic_20250420T160114Z_417.json",2025-04-20 16:01:14,"FRC2",48,48,1652,1652,1,FALSE
"traffic_20250420T160200Z_418.json",2025-04-20 16:02:00,"FRC1",47,47,316,316,1,FALSE
"traffic_20250420T160245Z_419.json",2025-04-20 16:02:45,"FRC1",47,47,316,316,1,FALSE
"traffic_20250420T160331Z_420.json",2025-04-20 16:03:31,"FRC3",29,33,1154,1014,1,FALSE
"traffic_20250420T160416Z_421.json",2025-04-20 16:04:16,"FRC1",41,41,1704,1704,1,FALSE
"traffic_20250420T160509Z_422.json",2025-04-20 16:05:09,"FRC3",39,39,556,556,1,FALSE
"traffic_20250420T160557Z_423.json",2025-04-20 16:05:57,"FRC4",34,34,748,748,1,FALSE
"traffic_20250420T160643Z_424.json",2025-04-20 16:06:43,"FRC3",39,39,935,935,1,FALSE
"traffic_20250420T160728Z_425.json",2025-04-20 16:07:28,"FRC3",33,37,407,363,1,FALSE
"traffic_20250420T160814Z_426.json",2025-04-20 16:08:14,"FRC1",38,38,182,182,1,FALSE
"traffic_20250420T160900Z_427.json",2025-04-20 16:09:00,"FRC1",38,38,182,182,1,FALSE
"traffic_20250420T160945Z_428.json",2025-04-20 16:09:45,"FRC4",33,33,1471,1471,1,FALSE
"traffic_20250420T161031Z_429.json",2025-04-20 16:10:31,"FRC5",34,34,1420,1420,1,FALSE
"traffic_20250420T161117Z_430.json",2025-04-20 16:11:17,"FRC3",29,33,1154,1014,1,FALSE
"traffic_20250420T161203Z_431.json",2025-04-20 16:12:03,"FRC6",29,29,2307,2307,1,FALSE
"traffic_20250420T161248Z_432.json",2025-04-20 16:12:48,"FRC4",36,36,1436,1436,1,FALSE
"traffic_20250420T161334Z_433.json",2025-04-20 16:13:34,"FRC4",34,34,748,748,1,FALSE
"traffic_20250420T161420Z_434.json",2025-04-20 16:14:20,"FRC4",31,31,1250,1250,1,FALSE
"traffic_20250420T161509Z_435.json",2025-04-20 16:15:09,"FRC1",44,44,48,48,1,FALSE
"traffic_20250420T161555Z_436.json",2025-04-20 16:15:55,"FRC1",16,27,78,46,1,FALSE
"traffic_20250420T161641Z_437.json",2025-04-20 16:16:41,"FRC4",31,31,500,500,1,FALSE
"traffic_20250420T161728Z_438.json",2025-04-20 16:17:28,"FRC1",65,65,455,455,1,FALSE
"traffic_20250420T161813Z_439.json",2025-04-20 16:18:13,"FRC4",36,36,1436,1436,1,FALSE
"traffic_20250420T161859Z_440.json",2025-04-20 16:18:59,"FRC6",29,29,2307,2307,1,FALSE
"traffic_20250420T161945Z_441.json",2025-04-20 16:19:45,"FRC4",32,32,1031,1031,1,FALSE
"traffic_20250420T162031Z_442.json",2025-04-20 16:20:31,"FRC4",37,37,1720,1720,1,FALSE
"traffic_20250420T162118Z_443.json",2025-04-20 16:21:18,"FRC3",35,35,2051,2051,1,FALSE
"traffic_20250420T162204Z_444.json",2025-04-20 16:22:04,"FRC4",31,31,1250,1250,1,FALSE
"traffic_20250420T162250Z_445.json",2025-04-20 16:22:50,"FRC3",28,36,187,145,1,FALSE
"traffic_20250420T162336Z_446.json",2025-04-20 16:23:36,"FRC1",21,25,60,50,1,FALSE
"traffic_20250420T162422Z_447.json",2025-04-20 16:24:22,"FRC5",34,34,1420,1420,1,FALSE
"traffic_20250420T162508Z_448.json",2025-04-20 16:25:08,"FRC4",33,33,1471,1471,1,FALSE
"traffic_20250420T162553Z_449.json",2025-04-20 16:25:53,"FRC4",36,36,1436,1436,1,FALSE
"traffic_20250420T162639Z_450.json",2025-04-20 16:26:39,"FRC4",36,36,1436,1436,1,FALSE
"traffic_20250420T162725Z_451.json",2025-04-20 16:27:25,"FRC4",37,37,1720,1720,1,FALSE
"traffic_20250420T162810Z_452.json",2025-04-20 16:28:10,"FRC4",37,37,1720,1720,1,FALSE
"traffic_20250420T162856Z_453.json",2025-04-20 16:28:56,"FRC4",37,37,1720,1720,1,FALSE
"traffic_20250420T162942Z_454.json",2025-04-20 16:29:42,"FRC4",32,32,1211,1211,1,FALSE
"traffic_20250420T163027Z_455.json",2025-04-20 16:30:27,"FRC4",40,40,930,930,1,FALSE
"traffic_20250420T163113Z_456.json",2025-04-20 16:31:13,"FRC4",44,44,802,802,1,FALSE
"traffic_20250420T163159Z_457.json",2025-04-20 16:31:59,"FRC1",47,47,316,316,1,FALSE
"traffic_20250420T163245Z_458.json",2025-04-20 16:32:45,"FRC3",40,40,303,303,1,FALSE
"traffic_20250420T163331Z_459.json",2025-04-20 16:33:31,"FRC5",34,34,1420,1420,1,FALSE
"traffic_20250420T163417Z_460.json",2025-04-20 16:34:17,"FRC6",29,29,2307,2307,1,FALSE
"traffic_20250420T163502Z_461.json",2025-04-20 16:35:02,"FRC1",65,65,455,455,1,FALSE
"traffic_20250420T163548Z_462.json",2025-04-20 16:35:48,"FRC4",37,37,1020,1020,1,FALSE
"traffic_20250420T163634Z_463.json",2025-04-20 16:36:34,"FRC4",37,37,1020,1020,1,FALSE
"traffic_20250420T163719Z_464.json",2025-04-20 16:37:19,"FRC4",32,32,1031,1031,1,FALSE
"traffic_20250420T163805Z_465.json",2025-04-20 16:38:05,"FRC4",33,33,1488,1488,1,FALSE
"traffic_20250420T163851Z_466.json",2025-04-20 16:38:51,"FRC4",33,33,1488,1488,1,FALSE
"traffic_20250420T163936Z_467.json",2025-04-20 16:39:36,"FRC4",32,32,687,687,1,FALSE
"traffic_20250420T164022Z_468.json",2025-04-20 16:40:22,"FRC4",35,35,760,760,1,FALSE
"traffic_20250420T164108Z_469.json",2025-04-20 16:41:08,"FRC4",32,32,1211,1211,1,FALSE
"traffic_20250420T164153Z_470.json",2025-04-20 16:41:53,"FRC1",61,61,910,910,1,FALSE
"traffic_20250420T164239Z_471.json",2025-04-20 16:42:39,"FRC3",38,38,354,354,1,FALSE
"traffic_20250420T164325Z_472.json",2025-04-20 16:43:25,"FRC3",40,40,301,301,1,FALSE
"traffic_20250420T164411Z_473.json",2025-04-20 16:44:11,"FRC3",47,47,253,253,1,FALSE
"traffic_20250420T164456Z_474.json",2025-04-20 16:44:56,"FRC3",40,40,303,303,1,FALSE
"traffic_20250420T164542Z_475.json",2025-04-20 16:45:42,"FRC3",41,41,421,421,1,FALSE
"traffic_20250420T164627Z_476.json",2025-04-20 16:46:27,"FRC3",33,33,1014,1014,1,FALSE
"traffic_20250420T164713Z_477.json",2025-04-20 16:47:13,"FRC4",33,33,1471,1471,1,FALSE
"traffic_20250420T164800Z_478.json",2025-04-20 16:48:00,"FRC4",33,33,1471,1471,1,FALSE
"traffic_20250420T164846Z_479.json",2025-04-20 16:48:46,"FRC4",33,33,1471,1471,1,FALSE
"traffic_20250420T164931Z_480.json",2025-04-20 16:49:31,"FRC5",34,34,1420,1420,1,FALSE
"traffic_20250420T165017Z_481.json",2025-04-20 16:50:17,"FRC2",48,48,1652,1652,1,FALSE
"traffic_20250420T165103Z_482.json",2025-04-20 16:51:03,"FRC4",44,44,802,802,1,FALSE
"traffic_20250420T165150Z_483.json",2025-04-20 16:51:50,"FRC2",48,48,1652,1652,1,FALSE
"traffic_20250420T165236Z_484.json",2025-04-20 16:52:36,"FRC1",47,47,316,316,1,FALSE
"traffic_20250420T165321Z_485.json",2025-04-20 16:53:21,"FRC5",34,34,1420,1420,1,FALSE
"traffic_20250420T165407Z_486.json",2025-04-20 16:54:07,"FRC4",37,37,1720,1720,1,FALSE
"traffic_20250420T165453Z_487.json",2025-04-20 16:54:53,"FRC4",33,33,2115,2115,1,FALSE
"traffic_20250420T165540Z_488.json",2025-04-20 16:55:40,"FRC4",38,38,994,994,1,FALSE
"traffic_20250420T165626Z_489.json",2025-04-20 16:56:26,"FRC3",38,38,354,354,1,FALSE
"traffic_20250420T165712Z_490.json",2025-04-20 16:57:12,"FRC2",38,38,408,408,1,FALSE
"traffic_20250420T165758Z_491.json",2025-04-20 16:57:58,"FRC2",48,48,1652,1652,1,FALSE
"traffic_20250420T165844Z_492.json",2025-04-20 16:58:44,"FRC1",47,47,316,316,1,FALSE
"traffic_20250420T165929Z_493.json",2025-04-20 16:59:29,"FRC1",47,47,316,316,1,FALSE
"traffic_20250420T170015Z_494.json",2025-04-20 17:00:15,"FRC3",33,33,1014,1014,1,FALSE
"traffic_20250420T170101Z_495.json",2025-04-20 17:01:01,"FRC1",41,41,1704,1704,1,FALSE
"traffic_20250420T170146Z_496.json",2025-04-20 17:01:46,"FRC3",39,39,556,556,1,FALSE
"traffic_20250420T170233Z_497.json",2025-04-20 17:02:33,"FRC4",34,34,748,748,1,FALSE
"traffic_20250420T170319Z_498.json",2025-04-20 17:03:19,"FRC3",39,39,935,935,1,FALSE
"traffic_20250420T170404Z_499.json",2025-04-20 17:04:04,"FRC3",38,38,354,354,1,FALSE
"traffic_20250420T170450Z_500.json",2025-04-20 17:04:50,"FRC1",38,38,182,182,1,FALSE
"traffic_20250420T170535Z_501.json",2025-04-20 17:05:35,"FRC1",38,38,182,182,1,FALSE
"traffic_20250420T170621Z_502.json",2025-04-20 17:06:21,"FRC4",33,33,1471,1471,1,FALSE
"traffic_20250420T170707Z_503.json",2025-04-20 17:07:07,"FRC5",34,34,1420,1420,1,FALSE
"traffic_20250420T170753Z_504.json",2025-04-20 17:07:53,"FRC3",33,33,1014,1014,1,FALSE
"traffic_20250420T170838Z_505.json",2025-04-20 17:08:38,"FRC6",29,29,2307,2307,1,FALSE
"traffic_20250420T170925Z_506.json",2025-04-20 17:09:25,"FRC4",36,36,1436,1436,1,FALSE
"traffic_20250420T171010Z_507.json",2025-04-20 17:10:10,"FRC4",34,34,748,748,1,FALSE
"traffic_20250420T171056Z_508.json",2025-04-20 17:10:56,"FRC4",31,31,1250,1250,1,FALSE
"traffic_20250420T171142Z_509.json",2025-04-20 17:11:42,"FRC1",44,44,48,48,1,FALSE
"traffic_20250420T171228Z_510.json",2025-04-20 17:12:28,"FRC1",27,27,46,46,1,FALSE
"traffic_20250420T171313Z_511.json",2025-04-20 17:13:13,"FRC4",31,31,500,500,1,FALSE
"traffic_20250420T171359Z_512.json",2025-04-20 17:13:59,"FRC1",65,65,455,455,1,FALSE
"traffic_20250420T171445Z_513.json",2025-04-20 17:14:45,"FRC4",36,36,1436,1436,1,FALSE
"traffic_20250420T171530Z_514.json",2025-04-20 17:15:30,"FRC6",29,29,2307,2307,1,FALSE
"traffic_20250420T171616Z_515.json",2025-04-20 17:16:16,"FRC4",32,32,1031,1031,1,FALSE
"traffic_20250420T171702Z_516.json",2025-04-20 17:17:02,"FRC4",37,37,1720,1720,1,FALSE
"traffic_20250420T171750Z_517.json",2025-04-20 17:17:50,"FRC3",35,35,2051,2051,1,FALSE
"traffic_20250420T171835Z_518.json",2025-04-20 17:18:35,"FRC4",31,31,1250,1250,1,FALSE
"traffic_20250420T171925Z_519.json",2025-04-20 17:19:25,"FRC3",37,37,141,141,1,FALSE
"traffic_20250420T172011Z_520.json",2025-04-20 17:20:11,"FRC1",27,27,46,46,1,FALSE
"traffic_20250420T172057Z_521.json",2025-04-20 17:20:57,"FRC5",34,34,1420,1420,1,FALSE
"traffic_20250420T172143Z_522.json",2025-04-20 17:21:43,"FRC4",33,33,1471,1471,1,FALSE
"traffic_20250420T172229Z_523.json",2025-04-20 17:22:29,"FRC4",36,36,1436,1436,1,FALSE
"traffic_20250420T172315Z_524.json",2025-04-20 17:23:15,"FRC4",36,36,1436,1436,1,FALSE
"traffic_20250420T172401Z_525.json",2025-04-20 17:24:01,"FRC4",37,37,1720,1720,1,FALSE
"traffic_20250420T172447Z_526.json",2025-04-20 17:24:47,"FRC4",37,37,1720,1720,1,FALSE
"traffic_20250420T172537Z_527.json",2025-04-20 17:25:37,"FRC4",37,37,1720,1720,1,FALSE
"traffic_20250420T172622Z_528.json",2025-04-20 17:26:22,"FRC4",32,32,1211,1211,1,FALSE
"traffic_20250420T172708Z_529.json",2025-04-20 17:27:08,"FRC4",40,40,930,930,1,FALSE
"traffic_20250420T172753Z_530.json",2025-04-20 17:27:53,"FRC4",44,44,802,802,1,FALSE
"traffic_20250420T172839Z_531.json",2025-04-20 17:28:39,"FRC1",47,47,316,316,1,FALSE
"traffic_20250420T172924Z_532.json",2025-04-20 17:29:24,"FRC3",40,40,303,303,1,FALSE
"traffic_20250420T173010Z_533.json",2025-04-20 17:30:10,"FRC5",34,34,1420,1420,1,FALSE
"traffic_20250420T173056Z_534.json",2025-04-20 17:30:56,"FRC6",29,29,2307,2307,1,FALSE
"traffic_20250420T173141Z_535.json",2025-04-20 17:31:41,"FRC1",65,65,455,455,1,FALSE
"traffic_20250420T173227Z_536.json",2025-04-20 17:32:27,"FRC4",37,37,1020,1020,1,FALSE
"traffic_20250420T173313Z_537.json",2025-04-20 17:33:13,"FRC4",37,37,1020,1020,1,FALSE
"traffic_20250420T173358Z_538.json",2025-04-20 17:33:58,"FRC4",32,32,1031,1031,1,FALSE
"traffic_20250420T173444Z_539.json",2025-04-20 17:34:44,"FRC4",33,33,1488,1488,1,FALSE
"traffic_20250420T173530Z_540.json",2025-04-20 17:35:30,"FRC4",33,33,1488,1488,1,FALSE
"traffic_20250420T173616Z_541.json",2025-04-20 17:36:16,"FRC4",32,32,687,687,1,FALSE
"traffic_20250420T173701Z_542.json",2025-04-20 17:37:01,"FRC4",35,35,760,760,1,FALSE
"traffic_20250420T173748Z_543.json",2025-04-20 17:37:48,"FRC4",32,32,1211,1211,1,FALSE
"traffic_20250420T173834Z_544.json",2025-04-20 17:38:34,"FRC1",61,61,910,910,1,FALSE
"traffic_20250420T173920Z_545.json",2025-04-20 17:39:20,"FRC3",38,38,354,354,1,FALSE
"traffic_20250420T174006Z_546.json",2025-04-20 17:40:06,"FRC3",40,40,301,301,1,FALSE
"traffic_20250420T174052Z_547.json",2025-04-20 17:40:52,"FRC3",47,47,253,253,1,FALSE
"traffic_20250420T174138Z_548.json",2025-04-20 17:41:38,"FRC3",40,40,303,303,1,FALSE
"traffic_20250420T174224Z_549.json",2025-04-20 17:42:24,"FRC3",41,41,421,421,1,FALSE
"traffic_20250420T174309Z_550.json",2025-04-20 17:43:09,"FRC3",33,33,1014,1014,1,FALSE
"traffic_20250420T174355Z_551.json",2025-04-20 17:43:55,"FRC4",33,33,1471,1471,1,FALSE
"traffic_20250420T174441Z_552.json",2025-04-20 17:44:41,"FRC4",33,33,1471,1471,1,FALSE
"traffic_20250420T174526Z_553.json",2025-04-20 17:45:26,"FRC4",33,33,1471,1471,1,FALSE
"traffic_20250420T174612Z_554.json",2025-04-20 17:46:12,"FRC5",34,34,1420,1420,1,FALSE
"traffic_20250420T174658Z_555.json",2025-04-20 17:46:58,"FRC2",48,48,1652,1652,1,FALSE
"traffic_20250420T174743Z_556.json",2025-04-20 17:47:43,"FRC4",44,44,802,802,1,FALSE
"traffic_20250420T174829Z_557.json",2025-04-20 17:48:29,"FRC2",48,48,1652,1652,1,FALSE
"traffic_20250420T174915Z_558.json",2025-04-20 17:49:15,"FRC1",47,47,316,316,1,FALSE
"traffic_20250420T175000Z_559.json",2025-04-20 17:50:00,"FRC5",34,34,1420,1420,1,FALSE
"traffic_20250420T175046Z_560.json",2025-04-20 17:50:46,"FRC4",37,37,1720,1720,1,FALSE
"traffic_20250420T175132Z_561.json",2025-04-20 17:51:32,"FRC4",33,33,2115,2115,1,FALSE
"traffic_20250420T180706Z_1.json",2025-04-20 18:07:06,"FRC3",37,37,141,141,1,FALSE
"traffic_20250420T180751Z_2.json",2025-04-20 18:07:51,"FRC1",27,27,46,46,1,FALSE
"traffic_20250420T180837Z_3.json",2025-04-20 18:08:37,"FRC5",34,34,1420,1420,1,FALSE
"traffic_20250420T180922Z_4.json",2025-04-20 18:09:22,"FRC4",33,33,1471,1471,1,FALSE
"traffic_20250420T181008Z_5.json",2025-04-20 18:10:08,"FRC4",36,36,1436,1436,1,FALSE
"traffic_20250420T181054Z_6.json",2025-04-20 18:10:54,"FRC4",36,36,1436,1436,1,FALSE
"traffic_20250420T181139Z_7.json",2025-04-20 18:11:39,"FRC4",37,37,1720,1720,1,FALSE
"traffic_20250420T181225Z_8.json",2025-04-20 18:12:25,"FRC4",37,37,1720,1720,1,FALSE
"traffic_20250420T181311Z_9.json",2025-04-20 18:13:11,"FRC4",37,37,1720,1720,1,FALSE
"traffic_20250420T181357Z_10.json",2025-04-20 18:13:57,"FRC4",32,32,1211,1211,1,FALSE
"traffic_20250420T181442Z_11.json",2025-04-20 18:14:42,"FRC4",40,40,930,930,1,FALSE
"traffic_20250420T181528Z_12.json",2025-04-20 18:15:28,"FRC4",44,44,802,802,1,FALSE
"traffic_20250420T181613Z_13.json",2025-04-20 18:16:13,"FRC1",47,47,316,316,1,FALSE
"traffic_20250420T181659Z_14.json",2025-04-20 18:16:59,"FRC3",40,40,303,303,1,FALSE
"traffic_20250420T181745Z_15.json",2025-04-20 18:17:45,"FRC5",34,34,1420,1420,1,FALSE
"traffic_20250420T181831Z_16.json",2025-04-20 18:18:31,"FRC6",29,29,2307,2307,1,FALSE
"traffic_20250420T181917Z_17.json",2025-04-20 18:19:17,"FRC1",65,65,455,455,1,FALSE
"traffic_20250420T182002Z_18.json",2025-04-20 18:20:02,"FRC4",37,37,1020,1020,1,FALSE
"traffic_20250420T182048Z_19.json",2025-04-20 18:20:48,"FRC4",37,37,1020,1020,1,FALSE
"traffic_20250420T182134Z_20.json",2025-04-20 18:21:34,"FRC4",32,32,1031,1031,1,FALSE
"traffic_20250420T182219Z_21.json",2025-04-20 18:22:19,"FRC4",33,33,1488,1488,1,FALSE
"traffic_20250420T182305Z_22.json",2025-04-20 18:23:05,"FRC4",33,33,1488,1488,1,FALSE
"traffic_20250420T182351Z_23.json",2025-04-20 18:23:51,"FRC4",32,32,687,687,1,FALSE
"traffic_20250420T182436Z_24.json",2025-04-20 18:24:36,"FRC4",35,35,760,760,1,FALSE
"traffic_20250420T182522Z_25.json",2025-04-20 18:25:22,"FRC4",32,32,1211,1211,1,FALSE
"traffic_20250420T182607Z_26.json",2025-04-20 18:26:07,"FRC1",61,61,910,910,1,FALSE
"traffic_20250420T182653Z_27.json",2025-04-20 18:26:53,"FRC3",38,38,354,354,1,FALSE
"traffic_20250420T182740Z_28.json",2025-04-20 18:27:40,"FRC3",40,40,301,301,1,FALSE
"traffic_20250420T182826Z_29.json",2025-04-20 18:28:26,"FRC3",47,47,253,253,1,FALSE
"traffic_20250420T182915Z_30.json",2025-04-20 18:29:15,"FRC3",40,40,303,303,1,FALSE
"traffic_20250420T183001Z_31.json",2025-04-20 18:30:01,"FRC3",41,41,421,421,1,FALSE
"traffic_20250420T183046Z_32.json",2025-04-20 18:30:46,"FRC3",33,33,1014,1014,1,FALSE
"traffic_20250420T183132Z_33.json",2025-04-20 18:31:32,"FRC4",33,33,1471,1471,1,FALSE
"traffic_20250420T183219Z_34.json",2025-04-20 18:32:19,"FRC4",33,33,1471,1471,1,FALSE
"traffic_20250420T183305Z_35.json",2025-04-20 18:33:05,"FRC4",33,33,1471,1471,1,FALSE
"traffic_20250420T183350Z_36.json",2025-04-20 18:33:50,"FRC5",34,34,1420,1420,1,FALSE
"traffic_20250420T183436Z_37.json",2025-04-20 18:34:36,"FRC2",48,48,1652,1652,1,FALSE
"traffic_20250420T183522Z_38.json",2025-04-20 18:35:22,"FRC4",44,44,802,802,1,FALSE
"traffic_20250420T183608Z_39.json",2025-04-20 18:36:08,"FRC2",48,48,1652,1652,1,FALSE
"traffic_20250420T183653Z_40.json",2025-04-20 18:36:53,"FRC1",47,47,316,316,1,FALSE
"traffic_20250420T183739Z_41.json",2025-04-20 18:37:39,"FRC5",34,34,1420,1420,1,FALSE
"traffic_20250420T183825Z_42.json",2025-04-20 18:38:25,"FRC4",37,37,1720,1720,1,FALSE
"traffic_20250420T183910Z_43.json",2025-04-20 18:39:10,"FRC4",33,33,2115,2115,1,FALSE
"traffic_20250420T183956Z_44.json",2025-04-20 18:39:56,"FRC4",38,38,994,994,1,FALSE
"traffic_20250420T184042Z_45.json",2025-04-20 18:40:42,"FRC3",38,38,354,354,1,FALSE
"traffic_20250420T184129Z_46.json",2025-04-20 18:41:29,"FRC2",38,38,408,408,1,FALSE
"traffic_20250420T184215Z_47.json",2025-04-20 18:42:15,"FRC2",48,48,1652,1652,1,FALSE
"traffic_20250420T184300Z_48.json",2025-04-20 18:43:00,"FRC1",47,47,316,316,1,FALSE
"traffic_20250420T184346Z_49.json",2025-04-20 18:43:46,"FRC1",47,47,316,316,1,FALSE
"traffic_20250420T184432Z_50.json",2025-04-20 18:44:32,"FRC3",33,33,1014,1014,1,FALSE
"traffic_20250420T184518Z_51.json",2025-04-20 18:45:18,"FRC1",41,41,1704,1704,1,FALSE
"traffic_20250420T184603Z_52.json",2025-04-20 18:46:03,"FRC3",39,39,556,556,1,FALSE
"traffic_20250420T184649Z_53.json",2025-04-20 18:46:49,"FRC4",34,34,748,748,1,FALSE
"traffic_20250420T184735Z_54.json",2025-04-20 18:47:35,"FRC3",39,39,935,935,1,FALSE
"traffic_20250420T184820Z_55.json",2025-04-20 18:48:20,"FRC3",38,38,354,354,1,FALSE
"traffic_20250420T184906Z_56.json",2025-04-20 18:49:06,"FRC1",38,38,182,182,1,FALSE
"traffic_20250420T184952Z_57.json",2025-04-20 18:49:52,"FRC1",38,38,182,182,1,FALSE
"traffic_20250420T185037Z_58.json",2025-04-20 18:50:37,"FRC4",33,33,1471,1471,1,FALSE
"traffic_20250420T185123Z_59.json",2025-04-20 18:51:23,"FRC5",34,34,1420,1420,1,FALSE
"traffic_20250420T185209Z_60.json",2025-04-20 18:52:09,"FRC3",33,33,1014,1014,1,FALSE
"traffic_20250420T185254Z_61.json",2025-04-20 18:52:54,"FRC6",29,29,2307,2307,1,FALSE
"traffic_20250420T185340Z_62.json",2025-04-20 18:53:40,"FRC4",36,36,1436,1436,1,FALSE
"traffic_20250420T185425Z_63.json",2025-04-20 18:54:25,"FRC4",34,34,748,748,1,FALSE
"traffic_20250420T185511Z_64.json",2025-04-20 18:55:11,"FRC4",31,31,1250,1250,1,FALSE
"traffic_20250420T185557Z_65.json",2025-04-20 18:55:57,"FRC1",44,44,48,48,1,FALSE
"traffic_20250420T185642Z_66.json",2025-04-20 18:56:42,"FRC1",27,27,46,46,1,FALSE
"traffic_20250420T185728Z_67.json",2025-04-20 18:57:28,"FRC4",31,31,500,500,1,FALSE
"traffic_20250420T185814Z_68.json",2025-04-20 18:58:14,"FRC1",65,65,455,455,1,FALSE
"traffic_20250420T185859Z_69.json",2025-04-20 18:58:59,"FRC4",36,36,1436,1436,1,FALSE
"traffic_20250420T185945Z_70.json",2025-04-20 18:59:45,"FRC6",29,29,2307,2307,1,FALSE
"traffic_20250420T190031Z_71.json",2025-04-20 19:00:31,"FRC4",32,32,1031,1031,1,FALSE
"traffic_20250420T190116Z_72.json",2025-04-20 19:01:16,"FRC4",37,37,1720,1720,1,FALSE
"traffic_20250420T190202Z_73.json",2025-04-20 19:02:02,"FRC3",35,35,2051,2051,1,FALSE
"traffic_20250420T190248Z_74.json",2025-04-20 19:02:48,"FRC4",31,31,1250,1250,1,FALSE
"traffic_20250420T190333Z_75.json",2025-04-20 19:03:33,"FRC3",37,37,141,141,1,FALSE
"traffic_20250420T190419Z_76.json",2025-04-20 19:04:19,"FRC1",27,27,46,46,1,FALSE
"traffic_20250420T190504Z_77.json",2025-04-20 19:05:04,"FRC5",34,34,1420,1420,1,FALSE
"traffic_20250420T190550Z_78.json",2025-04-20 19:05:50,"FRC4",33,33,1471,1471,1,FALSE
"traffic_20250420T190636Z_79.json",2025-04-20 19:06:36,"FRC4",36,36,1436,1436,1,FALSE
"traffic_20250420T190722Z_80.json",2025-04-20 19:07:22,"FRC4",36,36,1436,1436,1,FALSE
"traffic_20250420T190807Z_81.json",2025-04-20 19:08:07,"FRC4",37,37,1720,1720,1,FALSE
"traffic_20250420T190853Z_82.json",2025-04-20 19:08:53,"FRC4",37,37,1720,1720,1,FALSE
"traffic_20250420T190938Z_83.json",2025-04-20 19:09:38,"FRC4",37,37,1720,1720,1,FALSE
"traffic_20250420T191024Z_84.json",2025-04-20 19:10:24,"FRC4",32,32,1211,1211,1,FALSE
"traffic_20250420T191110Z_85.json",2025-04-20 19:11:10,"FRC4",40,40,930,930,1,FALSE
"traffic_20250420T191155Z_86.json",2025-04-20 19:11:55,"FRC4",44,44,802,802,1,FALSE
"traffic_20250420T191241Z_87.json",2025-04-20 19:12:41,"FRC1",47,47,316,316,1,FALSE
"traffic_20250420T191327Z_88.json",2025-04-20 19:13:27,"FRC3",40,40,303,303,1,FALSE
"traffic_20250420T191412Z_89.json",2025-04-20 19:14:12,"FRC5",34,34,1420,1420,1,FALSE
"traffic_20250420T191458Z_90.json",2025-04-20 19:14:58,"FRC6",29,29,2307,2307,1,FALSE
"traffic_20250420T191544Z_91.json",2025-04-20 19:15:44,"FRC1",65,65,455,455,1,FALSE
"traffic_20250420T191629Z_92.json",2025-04-20 19:16:29,"FRC4",37,37,1020,1020,1,FALSE
"traffic_20250420T191715Z_93.json",2025-04-20 19:17:15,"FRC4",37,37,1020,1020,1,FALSE
"traffic_20250420T191801Z_94.json",2025-04-20 19:18:01,"FRC4",32,32,1031,1031,1,FALSE
"traffic_20250420T191846Z_95.json",2025-04-20 19:18:46,"FRC4",33,33,1488,1488,1,FALSE
"traffic_20250420T191932Z_96.json",2025-04-20 19:19:32,"FRC4",33,33,1488,1488,1,FALSE
"traffic_20250420T192018Z_97.json",2025-04-20 19:20:18,"FRC4",32,32,687,687,1,FALSE
"traffic_20250420T192103Z_98.json",2025-04-20 19:21:03,"FRC4",35,35,760,760,1,FALSE
"traffic_20250420T192149Z_99.json",2025-04-20 19:21:49,"FRC4",32,32,1211,1211,1,FALSE
"traffic_20250420T192235Z_100.json",2025-04-20 19:22:35,"FRC1",61,61,910,910,1,FALSE
"traffic_20250420T192320Z_101.json",2025-04-20 19:23:20,"FRC3",38,38,354,354,1,FALSE
"traffic_20250420T192406Z_102.json",2025-04-20 19:24:06,"FRC3",40,40,301,301,1,FALSE
"traffic_20250420T192451Z_103.json",2025-04-20 19:24:51,"FRC3",47,47,253,253,1,FALSE
"traffic_20250420T192537Z_104.json",2025-04-20 19:25:37,"FRC3",40,40,303,303,1,FALSE
"traffic_20250420T192622Z_105.json",2025-04-20 19:26:22,"FRC3",41,41,421,421,1,FALSE
"traffic_20250420T192708Z_106.json",2025-04-20 19:27:08,"FRC3",33,33,1014,1014,1,FALSE
"traffic_20250420T192754Z_107.json",2025-04-20 19:27:54,"FRC4",33,33,1471,1471,1,FALSE
"traffic_20250420T192839Z_108.json",2025-04-20 19:28:39,"FRC4",33,33,1471,1471,1,FALSE
"traffic_20250420T192925Z_109.json",2025-04-20 19:29:25,"FRC4",33,33,1471,1471,1,FALSE
"traffic_20250420T193011Z_110.json",2025-04-20 19:30:11,"FRC5",34,34,1420,1420,1,FALSE
"traffic_20250420T193056Z_111.json",2025-04-20 19:30:56,"FRC2",48,48,1652,1652,1,FALSE
"traffic_20250420T193142Z_112.json",2025-04-20 19:31:42,"FRC4",44,44,802,802,1,FALSE
"traffic_20250420T193227Z_113.json",2025-04-20 19:32:27,"FRC2",48,48,1652,1652,1,FALSE
"traffic_20250420T193313Z_114.json",2025-04-20 19:33:13,"FRC1",47,47,316,316,1,FALSE
"traffic_20250420T193359Z_115.json",2025-04-20 19:33:59,"FRC5",34,34,1420,1420,1,FALSE
"traffic_20250420T193444Z_116.json",2025-04-20 19:34:44,"FRC4",37,37,1720,1720,1,FALSE
"traffic_20250420T193530Z_117.json",2025-04-20 19:35:30,"FRC4",33,33,2115,2115,1,FALSE
"traffic_20250420T193616Z_118.json",2025-04-20 19:36:16,"FRC4",38,38,994,994,1,FALSE
"traffic_20250420T193701Z_119.json",2025-04-20 19:37:01,"FRC3",38,38,354,354,1,FALSE
"traffic_20250420T193747Z_120.json",2025-04-20 19:37:47,"FRC2",38,38,408,408,1,FALSE
"traffic_20250420T193832Z_121.json",2025-04-20 19:38:32,"FRC2",48,48,1652,1652,1,FALSE
"traffic_20250420T193918Z_122.json",2025-04-20 19:39:18,"FRC1",47,47,316,316,1,FALSE
"traffic_20250420T194004Z_123.json",2025-04-20 19:40:04,"FRC1",47,47,316,316,1,FALSE
"traffic_20250420T194049Z_124.json",2025-04-20 19:40:49,"FRC3",33,33,1014,1014,1,FALSE
"traffic_20250420T194135Z_125.json",2025-04-20 19:41:35,"FRC1",41,41,1704,1704,1,FALSE
"traffic_20250420T194221Z_126.json",2025-04-20 19:42:21,"FRC3",39,39,556,556,1,FALSE
"traffic_20250420T194306Z_127.json",2025-04-20 19:43:06,"FRC4",34,34,748,748,1,FALSE
"traffic_20250420T194352Z_128.json",2025-04-20 19:43:52,"FRC3",39,39,935,935,1,FALSE
"traffic_20250420T194438Z_129.json",2025-04-20 19:44:38,"FRC3",38,38,354,354,1,FALSE
"traffic_20250420T194523Z_130.json",2025-04-20 19:45:23,"FRC1",38,38,182,182,1,FALSE
"traffic_20250420T194609Z_131.json",2025-04-20 19:46:09,"FRC1",31,38,223,182,1,FALSE
"traffic_20250420T194655Z_132.json",2025-04-20 19:46:55,"FRC4",33,33,1471,1471,1,FALSE
"traffic_20250420T194740Z_133.json",2025-04-20 19:47:40,"FRC5",34,34,1420,1420,1,FALSE
"traffic_20250420T194826Z_134.json",2025-04-20 19:48:26,"FRC3",33,33,1014,1014,1,FALSE
"traffic_20250420T194911Z_135.json",2025-04-20 19:49:11,"FRC6",29,29,2307,2307,1,FALSE
"traffic_20250420T194957Z_136.json",2025-04-20 19:49:57,"FRC4",36,36,1436,1436,1,FALSE
"traffic_20250420T195043Z_137.json",2025-04-20 19:50:43,"FRC4",34,34,748,748,1,FALSE
"traffic_20250420T195128Z_138.json",2025-04-20 19:51:28,"FRC4",31,31,1250,1250,1,FALSE
"traffic_20250420T195214Z_139.json",2025-04-20 19:52:14,"FRC1",44,44,48,48,1,FALSE
"traffic_20250420T195300Z_140.json",2025-04-20 19:53:00,"FRC1",21,25,60,50,0.81,FALSE
"traffic_20250420T195345Z_141.json",2025-04-20 19:53:45,"FRC4",31,31,500,500,1,FALSE
"traffic_20250420T195431Z_142.json",2025-04-20 19:54:31,"FRC1",65,65,455,455,1,FALSE
"traffic_20250420T195517Z_143.json",2025-04-20 19:55:17,"FRC4",36,36,1436,1436,1,FALSE
"traffic_20250420T195603Z_144.json",2025-04-20 19:56:03,"FRC6",29,29,2307,2307,1,FALSE
"traffic_20250420T195648Z_145.json",2025-04-20 19:56:48,"FRC4",32,32,1031,1031,1,FALSE
"traffic_20250420T195734Z_146.json",2025-04-20 19:57:34,"FRC4",37,37,1720,1720,1,FALSE
"traffic_20250420T195819Z_147.json",2025-04-20 19:58:19,"FRC3",35,35,2051,2051,1,FALSE
"traffic_20250420T195905Z_148.json",2025-04-20 19:59:05,"FRC4",31,31,1250,1250,1,FALSE
"traffic_20250420T195951Z_149.json",2025-04-20 19:59:51,"FRC3",37,37,141,141,1,FALSE
"traffic_20250420T200037Z_150.json",2025-04-20 20:00:37,"FRC1",27,27,46,46,1,FALSE
"traffic_20250420T200122Z_151.json",2025-04-20 20:01:22,"FRC5",34,34,1420,1420,1,FALSE
"traffic_20250420T200211Z_152.json",2025-04-20 20:02:11,"FRC4",33,33,1471,1471,1,FALSE
"traffic_20250420T200257Z_153.json",2025-04-20 20:02:57,"FRC4",36,36,1436,1436,1,FALSE
"traffic_20250420T200344Z_154.json",2025-04-20 20:03:44,"FRC4",36,36,1436,1436,1,FALSE
"traffic_20250420T200430Z_155.json",2025-04-20 20:04:30,"FRC4",37,37,1720,1720,1,FALSE
"traffic_20250420T200516Z_156.json",2025-04-20 20:05:16,"FRC4",37,37,1720,1720,1,FALSE
"traffic_20250420T200601Z_157.json",2025-04-20 20:06:01,"FRC4",37,37,1720,1720,1,FALSE
"traffic_20250420T200647Z_158.json",2025-04-20 20:06:47,"FRC4",32,32,1211,1211,1,FALSE
"traffic_20250420T200737Z_159.json",2025-04-20 20:07:37,"FRC4",40,40,930,930,1,FALSE
"traffic_20250420T200823Z_160.json",2025-04-20 20:08:23,"FRC4",44,44,802,802,1,FALSE
"traffic_20250420T200910Z_161.json",2025-04-20 20:09:10,"FRC1",47,47,316,316,1,FALSE
"traffic_20250420T200956Z_162.json",2025-04-20 20:09:56,"FRC3",40,40,303,303,1,FALSE
"traffic_20250420T201042Z_163.json",2025-04-20 20:10:42,"FRC5",34,34,1420,1420,1,FALSE
"traffic_20250420T201128Z_164.json",2025-04-20 20:11:28,"FRC6",29,29,2307,2307,1,FALSE
"traffic_20250420T201214Z_165.json",2025-04-20 20:12:14,"FRC1",65,65,455,455,1,FALSE
"traffic_20250420T201259Z_166.json",2025-04-20 20:12:59,"FRC4",37,37,1020,1020,1,FALSE
"traffic_20250420T201345Z_167.json",2025-04-20 20:13:45,"FRC4",37,37,1020,1020,1,FALSE
"traffic_20250420T201431Z_168.json",2025-04-20 20:14:31,"FRC4",32,32,1031,1031,1,FALSE
"traffic_20250420T201516Z_169.json",2025-04-20 20:15:16,"FRC4",33,33,1488,1488,1,FALSE
"traffic_20250420T201602Z_170.json",2025-04-20 20:16:02,"FRC4",33,33,1488,1488,1,FALSE
"traffic_20250420T201647Z_171.json",2025-04-20 20:16:47,"FRC4",32,32,687,687,1,FALSE
"traffic_20250420T201733Z_172.json",2025-04-20 20:17:33,"FRC4",35,35,760,760,1,FALSE
"traffic_20250420T201819Z_173.json",2025-04-20 20:18:19,"FRC4",32,32,1211,1211,1,FALSE
"traffic_20250420T201904Z_174.json",2025-04-20 20:19:04,"FRC1",61,61,910,910,1,FALSE
"traffic_20250420T201950Z_175.json",2025-04-20 20:19:50,"FRC3",38,38,354,354,1,FALSE
"traffic_20250420T202036Z_176.json",2025-04-20 20:20:36,"FRC3",40,40,301,301,1,FALSE
"traffic_20250420T202121Z_177.json",2025-04-20 20:21:21,"FRC3",47,47,253,253,1,FALSE
"traffic_20250420T202207Z_178.json",2025-04-20 20:22:07,"FRC3",40,40,303,303,1,FALSE
"traffic_20250420T202253Z_179.json",2025-04-20 20:22:53,"FRC3",41,41,421,421,1,FALSE
"traffic_20250420T202338Z_180.json",2025-04-20 20:23:38,"FRC3",33,33,1014,1014,1,FALSE
"traffic_20250420T202424Z_181.json",2025-04-20 20:24:24,"FRC4",33,33,1471,1471,1,FALSE
"traffic_20250420T202510Z_182.json",2025-04-20 20:25:10,"FRC4",33,33,1471,1471,1,FALSE
"traffic_20250420T202555Z_183.json",2025-04-20 20:25:55,"FRC4",33,33,1471,1471,1,FALSE
"traffic_20250420T202641Z_184.json",2025-04-20 20:26:41,"FRC5",34,34,1420,1420,1,FALSE
"traffic_20250420T202726Z_185.json",2025-04-20 20:27:26,"FRC2",48,48,1652,1652,1,FALSE
"traffic_20250420T202812Z_186.json",2025-04-20 20:28:12,"FRC4",44,44,802,802,1,FALSE
"traffic_20250420T202858Z_187.json",2025-04-20 20:28:58,"FRC2",48,48,1652,1652,1,FALSE
"traffic_20250420T202943Z_188.json",2025-04-20 20:29:43,"FRC1",47,47,316,316,1,FALSE
"traffic_20250420T203029Z_189.json",2025-04-20 20:30:29,"FRC5",34,34,1420,1420,1,FALSE
"traffic_20250420T203115Z_190.json",2025-04-20 20:31:15,"FRC4",37,37,1720,1720,1,FALSE
"traffic_20250420T203200Z_191.json",2025-04-20 20:32:00,"FRC4",33,33,2115,2115,1,FALSE
"traffic_20250421T043454Z_1.json",2025-04-21 04:34:54,"FRC3",37,37,141,141,1,FALSE
"traffic_20250421T043540Z_2.json",2025-04-21 04:35:40,"FRC1",27,27,46,46,1,FALSE
"traffic_20250421T164009Z_1.json",2025-04-21 16:40:09,"FRC3",29,36,180,145,1,FALSE
"traffic_20250421T164055Z_2.json",2025-04-21 16:40:55,"FRC1",27,27,46,46,1,FALSE
